Tiempo de Retención (min),Altura (mAU),Área
6.018520199619816,1.5182306744889584,2.038327746125172
9.72617377558581,1.168506299682575,1.6823106499933005
